"AverageShortestPathLength","BetweennessCentrality","ClosenessCentrality","ClusteringCoefficient","col","Degree","Eccentricity","IsSingleNode","label","ManualCategoryLvl1","name","NeighborhoodConnectivity","NumberOfDirectedEdges","NumberOfUndirectedEdges","PartnerOfMultiEdgedNodePairs","Radiality","selected","SelfLoops","shared name","size","Stress","TopologicalCoefficient"
"1.4375","0.050656056955057246","0.6956521739130435","0.5068493150684932","#FF00B6","73","3","false","G_group5","Amino acid metabolism","Amino sugar and nucleotide sugar metabolism","47.35616438356164","0","73","0","0.9950284090909091","false","0","Amino sugar and nucleotide sugar metabolism","64","10932","0.37288318412253263"
"2.953125","0.0","0.3386243386243386","1.0","#FFACFD","2","4","false","G_group79","Energy metabolism","Heme synthesis","9.0","0","2","0","0.9778053977272727","false","0","Heme synthesis","14","0","0.5625"
"1.75","0.0028867224907865897","0.5714285714285714","0.7282282282282282","#005300","37","3","false","G_group6","Protein metabolism","Aminoacyl-tRNA biosynthesis","52.567567567567565","0","37","0","0.9914772727272727","false","0","Aminoacyl-tRNA biosynthesis","63","996","0.42737859811030543"
"1.5546875","0.015058310348055446","0.6432160804020101","0.590373783922171","#FF00B6","63","3","false","G_group3","Amino acid metabolism","Alanine, aspartate and glutamate metabolism","49.46031746031746","0","63","0","0.9936967329545454","false","0","Alanine, aspartate and glutamate metabolism","76","3222","0.40541243819932343"
"0.0","0.0","0.0","0.0","#009FFF","0","0","true","G_group4","Amino acid derivatives","Alkaloids biosynthesis","0.0","0","0","0","Infinity","false","0","Alkaloids biosynthesis","0","0","0.0"
"1.5859375","0.013329445271824504","0.6305418719211823","0.6337662337662338","#FFD300","56","3","false","G_group1","Lipid metabolism","Acyl-CoA hydrolysis","50.660714285714285","0","56","0","0.9933416193181818","false","0","Acyl-CoA hydrolysis","130","4010","0.4052857142857143"
"1.6953125","0.0028139322450597324","0.5898617511520737","0.8478513356562137","#FFD300","42","3","false","G_group2","Lipid metabolism","Acylglycerides metabolism","57.69047619047619","0","42","0","0.9920987215909091","false","0","Acylglycerides metabolism","37","812","0.4615238095238095"
"1.375","0.041744587370167445","0.7272727272727273","0.4971394158386028","#FFD300","82","3","false","G_group70","Lipid metabolism","Glycerophospholipid metabolism","46.80487804878049","0","82","0","0.9957386363636364","false","0","Glycerophospholipid metabolism","160","7562","0.3714672861014324"
"1.3671875","0.034189409874375645","0.7314285714285714","0.5227341162300512","#FF00B6","82","3","false","G_group71","Amino acid metabolism","Glycine, serine and threonine metabolism","48.0609756097561","0","82","0","0.9958274147727273","false","0","Glycine, serine and threonine metabolism","130","6490","0.3813395276809911"
"1.4453125","0.017257637239618682","0.6918918918918919","0.569634703196347","#9A4D42","73","3","false","G_group72","Carbohydrate metabolism","Glycolysis / Gluconeogenesis","49.78082191780822","0","73","0","0.9949396306818182","false","0","Glycolysis / Gluconeogenesis","69","4976","0.39508588823657315"
"2.3125","2.9879077615298086E-5","0.43243243243243246","0.8666666666666667","#B1CC71","6","4","false","G_group73","Glycan biosynthesis and metabolism","Glycosphingolipid biosynthesis-ganglio series","31.166666666666668","0","6","0","0.9850852272727273","false","0","Glycosphingolipid biosynthesis-ganglio series","27","4","0.3755020080321285"
"2.3046875","7.909167604049493E-5","0.43389830508474575","0.8095238095238095","#B1CC71","7","4","false","G_group74","Glycan biosynthesis and metabolism","Glycosphingolipid biosynthesis-globo series","27.714285714285715","0","7","0","0.9851740056818182","false","0","Glycosphingolipid biosynthesis-globo series","21","8","0.33390705679862304"
"2.2578125","8.05913952414934E-4","0.4429065743944637","0.5555555555555556","#B1CC71","9","4","false","G_group75","Glycan biosynthesis and metabolism","Glycosphingolipid biosynthesis-lacto and neolacto series","27.88888888888889","0","9","0","0.9857066761363636","false","0","Glycosphingolipid biosynthesis-lacto and neolacto series","50","112","0.3205619412515964"
"0.0","0.0","0.0","0.0","#FFD300","0","0","true","G_group128","Lipid metabolism","Triacylglycerol synthesis","0.0","0","0","0","Infinity","false","0","Triacylglycerol synthesis","0","0","0.0"
"2.1796875","0.0015850672974501547","0.45878136200716846","0.4393939393939394","#B1CC71","12","4","false","G_group76","Glycan biosynthesis and metabolism","Glycosphingolipid metabolism","22.916666666666668","0","12","0","0.9865944602272727","false","0","Glycosphingolipid metabolism","58","266","0.24551971326164876"
"1.453125","0.02933649910847409","0.6881720430107527","0.5747261345852895","#9A4D42","72","3","false","G_group129","Carbohydrate metabolism","Tricarboxylic acid cycle and glyoxylate/dicarboxylate metabolism","49.888888888888886","0","72","0","0.9948508522727273","false","0","Tricarboxylic acid cycle and glyoxylate/dicarboxylate metabolism","88","5512","0.399"
"1.6171875","0.015825308036556306","0.6183574879227053","0.6704374057315233","#FFD300","52","3","false","G_group77","Lipid metabolism","Glycosylphosphatidylinositol (GPI)-anchor biosynthesis","52.86538461538461","0","52","0","0.9929865056818182","false","0","Glycosylphosphatidylinositol (GPI)-anchor biosynthesis","47","3556","0.4229230769230769"
"0.0","0.0","0.0","0.0","#F1085C","0","0","true","G_group137","Metabolism of cofactors and vitamins","Vitamin B2 metabolism","0.0","0","0","0","Infinity","false","0","Vitamin B2 metabolism","5","0","0.0"
"2.828125","0.0","0.35359116022099446","0.0","#F1085C","1","4","false","G_group138","Metabolism of cofactors and vitamins","Vitamin B6 metabolism","31.0","0","1","0","0.9792258522727273","false","0","Vitamin B6 metabolism","15","0","0.0"
"2.1875","0.0","0.45714285714285713","1.0","#F1085C","3","4","false","G_group135","Metabolism of cofactors and vitamins","Vitamin A metabolism","55.0","0","3","0","0.9865056818181818","false","0","Vitamin A metabolism","16","0","0.5392156862745098"
"0.0","0.0","0.0","0.0","#F1085C","0","0","true","G_group136","Metabolism of cofactors and vitamins","Vitamin B12 metabolism","0.0","0","0","0","Infinity","false","0","Vitamin B12 metabolism","14","0","0.0"
"2.3203125","0.0","0.43097643097643096","1.0","#009FFF","3","4","false","G_group133","Amino acid derivatives","Urea cycle","53.666666666666664","0","3","0","0.9849964488636364","false","0","Urea cycle","11","0","0.6313725490196078"
"1.4609375","0.009330746934191371","0.6844919786096256","0.6134585289514867","#FF00B6","72","3","false","G_group134","Amino acid metabolism","Valine, leucine, and isoleucine metabolism","51.65277777777778","0","72","0","0.9947620738636364","false","0","Valine, leucine, and isoleucine metabolism","85","3128","0.4132222222222222"
"1.5","0.016141700705195702","0.6666666666666666","0.5408252853380158","#FF00B6","68","3","false","G_group131","Amino acid metabolism","Tyrosine metabolism","47.19117647058823","0","68","0","0.9943181818181818","false","0","Tyrosine metabolism","91","3364","0.3805740037950664"
"1.75","0.004940391507738574","0.5714285714285714","0.7209302325581395","#FF00B6","44","3","false","G_group104","Amino acid metabolism","Phenylalanine metabolism","52.59090909090909","0","44","0","0.9914772727272727","false","0","Phenylalanine metabolism","27","882","0.4533699059561129"
"1.8125","5.344653930795403E-4","0.5517241379310345","0.9174964438122333","#F1085C","38","3","false","G_group132","Metabolism of cofactors and vitamins","Ubiquinone synthesis","57.89473684210526","0","38","0","0.9907670454545454","false","0","Ubiquinone synthesis","27","142","0.5078485687903971"
"1.375","0.03395996927115728","0.7272727272727273","0.49493670886075947","#FF00B6","80","2","false","G_group105","Amino acid metabolism","Phenylalanine, tyrosine and tryptophan biosynthesis","46.8","0","80","0","0.9957386363636364","false","0","Phenylalanine, tyrosine and tryptophan biosynthesis","145","6452","0.365625"
"1.6640625","0.002227096681420879","0.6009389671361502","0.7592156862745097","#FF00B6","51","3","false","G_group130","Amino acid metabolism","Tryptophan metabolism","55.549019607843135","0","51","0","0.9924538352272727","false","0","Tryptophan metabolism","35","846","0.46290849673202616"
"1.859375","0.002395168531271836","0.5378151260504201","0.6495726495726496","#9A4D42","27","3","false","G_group102","Carbohydrate metabolism","Pentose phosphate pathway","51.0","0","27","0","0.990234375","false","0","Pentose phosphate pathway","49","600","0.42857142857142855"
"2.0","1.1413524697937016E-4","0.5","0.8857142857142857","#FFD300","15","3","false","G_group67","Lipid metabolism","Glucocorticoid biosynthesis","62.46666666666667","0","15","0","0.9886363636363636","false","0","Glucocorticoid biosynthesis","36","46","0.5528023598820059"
"1.75","0.0028867224907865897","0.5714285714285714","0.7282282282282282","#005300","37","3","false","G_group103","Protein metabolism","Peptide metabolism","52.567567567567565","0","37","0","0.9914772727272727","false","0","Peptide metabolism","269","996","0.42737859811030543"
"1.734375","0.0038668148703516845","0.5765765765765766","0.6804878048780488","#009FFF","41","3","false","G_group68","Amino acid derivatives","Glutathione metabolism","51.853658536585364","0","41","0","0.9916548295454546","false","0","Glutathione metabolism","36","974","0.42854263253376335"
"1.4609375","0.010003026321379439","0.6844919786096256","0.6140845070422535","#F1085C","71","3","false","G_group100","Metabolism of cofactors and vitamins","Pantothenate and CoA biosynthesis","51.774647887323944","0","71","0","0.9947620738636364","false","0","Pantothenate and CoA biosynthesis","38","3290","0.41090990386765036"
"1.671875","0.006395051586249545","0.5981308411214953","0.7707070707070707","#FFD300","45","3","false","G_group69","Lipid metabolism","Glycerolipid metabolism","54.977777777777774","0","45","0","0.9923650568181818","false","0","Glycerolipid metabolism","163","2418","0.4398222222222222"
"2.015625","0.00117127396254825","0.49612403100775193","0.6952380952380952","#9A4D42","15","3","false","G_group101","Carbohydrate metabolism","Pentose and glucuronate interconversions","43.333333333333336","0","15","0","0.9884588068181818","false","0","Pentose and glucuronate interconversions","31","176","0.39039039039039036"
"1.703125","6.967217452349871E-4","0.5871559633027523","0.9329268292682927","#FFD300","41","3","false","G_group60","Lipid metabolism","Fatty acid elongation (even-chain)","59.51219512195122","0","41","0","0.9920099431818182","false","0","Fatty acid elongation (even-chain)","28","322","0.47609756097560973"
"1.84375","1.3725760879010315E-5","0.5423728813559322","0.9932773109243698","#FFD300","35","3","false","G_group12","Lipid metabolism","Beta oxidation of branched-chain fatty acids (mitochondrial)","59.2","0","35","0","0.9904119318181818","false","0","Beta oxidation of branched-chain fatty acids (mitochondrial)","23","8","0.5238938053097345"
"1.703125","0.002510457393400446","0.5871559633027523","0.926829268292683","#FFD300","41","3","false","G_group61","Lipid metabolism","Fatty acid elongation (odd-chain)","59.390243902439025","0","41","0","0.9920099431818182","false","0","Fatty acid elongation (odd-chain)","20","1284","0.4751219512195122"
"1.84375","1.3725760879010315E-5","0.5423728813559322","0.9932773109243698","#FFD300","35","3","false","G_group13","Lipid metabolism","Beta oxidation of di-unsaturated fatty acids (n-6) (mitochondrial)","59.2","0","35","0","0.9904119318181818","false","0","Beta oxidation of di-unsaturated fatty acids (n-6) (mitochondrial)","28","8","0.5238938053097345"
"1.4453125","0.017464396489449037","0.6918918918918919","0.5631247686042207","#FFD300","74","3","false","G_group62","Lipid metabolism","Fatty acid oxidation","48.810810810810814","0","74","0","0.9949396306818182","false","0","Fatty acid oxidation","559","4536","0.3904864864864865"
"2.03125","0.0","0.49230769230769234","1.0","#FFD300","20","3","false","G_group14","Lipid metabolism","Beta oxidation of di-unsaturated fatty acids (n-6) (peroxisomal)","54.75","0","20","0","0.98828125","false","0","Beta oxidation of di-unsaturated fatty acids (n-6) (peroxisomal)","28","0","0.5264423076923077"
"1.8046875","0.001895438235545701","0.5541125541125541","0.7075630252100841","#F1085C","35","3","false","G_group63","Metabolism of cofactors and vitamins","Folate metabolism","51.2","0","35","0","0.9908558238636364","false","0","Folate metabolism","93","554","0.43389830508474575"
"1.8359375","8.811852522262846E-5","0.5446808510638298","0.9714285714285714","#FFD300","36","3","false","G_group15","Lipid metabolism","Beta oxidation of even-chain fatty acids (mitochondrial)","59.0","0","36","0","0.9905007102272727","false","0","Beta oxidation of even-chain fatty acids (mitochondrial)","68","36","0.5221238938053098"
"1.9453125","5.749834417334653E-4","0.5140562248995983","0.7166666666666667","#00FFBE","16","3","false","G_group64","Cholesterol biosynthesis and metabolism","Formation and hydrolysis of cholesterol esters","52.25","0","16","0","0.9892578125","false","0","Formation and hydrolysis of cholesterol esters","298","160","0.43907563025210083"
"2.03125","0.0","0.49230769230769234","1.0","#FFD300","20","3","false","G_group16","Lipid metabolism","Beta oxidation of even-chain fatty acids (peroxisomal)","54.75","0","20","0","0.98828125","false","0","Beta oxidation of even-chain fatty acids (peroxisomal)","59","0","0.5264423076923077"
"2.2734375","0.0","0.43986254295532645","1.0","#F1085C","5","3","false","G_group139","Metabolism of cofactors and vitamins","Vitamin C metabolism","37.4","0","5","0","0.9855291193181818","false","0","Vitamin C metabolism","3","0","0.425"
"1.84375","1.3725760879010315E-5","0.5423728813559322","0.9932773109243698","#FFD300","35","3","false","G_group17","Lipid metabolism","Beta oxidation of odd-chain fatty acids (mitochondrial)","59.2","0","35","0","0.9904119318181818","false","0","Beta oxidation of odd-chain fatty acids (mitochondrial)","47","8","0.5238938053097345"
"2.0546875","7.47083900381405E-4","0.4866920152091255","0.6515151515151515","#9A4D42","12","3","false","G_group65","Carbohydrate metabolism","Fructose and mannose metabolism","41.166666666666664","0","12","0","0.9880149147727273","false","0","Fructose and mannose metabolism","27","202","0.37767584097859325"
"2.03125","0.0","0.49230769230769234","1.0","#FFD300","20","3","false","G_group18","Lipid metabolism","Beta oxidation of odd-chain fatty acids (peroxisomal)","54.75","0","20","0","0.98828125","false","0","Beta oxidation of odd-chain fatty acids (peroxisomal)","10","0","0.5264423076923077"
"1.953125","0.005780626232947575","0.512","0.47619047619047616","#9A4D42","21","3","false","G_group66","Carbohydrate metabolism","Galactose metabolism","37.904761904761905","0","21","0","0.9891690340909091","false","0","Galactose metabolism","46","1442","0.33544037083860095"
"1.6640625","0.002447475309812469","0.6009389671361502","0.8164251207729468","#FFD300","46","3","false","G_group19","Lipid metabolism","Beta oxidation of phytanic acid (peroxisomal)","55.97826086956522","0","46","0","0.9924538352272727","false","0","Beta oxidation of phytanic acid (peroxisomal)","43","1094","0.44782608695652176"
"1.828125","0.004114457639420512","0.5470085470085471","0.5739750445632799","#201A01","34","3","false","G_group142","Xenobiotics metabolism","Xenobiotics metabolism","47.76470588235294","0","34","0","0.9905894886363636","false","0","Xenobiotics metabolism","162","878","0.4117647058823529"
"2.4140625","0.0","0.41423948220064727","1.0","#F1085C","2","4","false","G_group140","Metabolism of cofactors and vitamins","Vitamin D metabolism","41.5","0","2","0","0.9839311079545454","false","0","Vitamin D metabolism","44","0","0.5460526315789473"
"1.984375","0.006737750397524756","0.5039370078740157","0.40522875816993464","#B1CC71","18","4","false","G_group93","Glycan biosynthesis and metabolism","N-glycan metabolism","31.77777777777778","0","18","0","0.9888139204545454","false","0","N-glycan metabolism","125","1378","0.28121927236971483"
"1.7421875","0.006081287307599277","0.5739910313901345","0.7121212121212122","#F1085C","45","3","false","G_group141","Metabolism of cofactors and vitamins","Vitamin E metabolism","51.71111111111111","0","45","0","0.9915660511363636","false","0","Vitamin E metabolism","85","988","0.44578544061302683"
"1.7734375","0.0018699210052466734","0.5638766519823789","0.7630252100840336","#F1085C","35","3","false","G_group94","Metabolism of cofactors and vitamins","Nicotinate and nicotinamide metabolism","54.17142857142857","0","35","0","0.9912109375","false","0","Nicotinate and nicotinamide metabolism","64","638","0.44402810304449647"
"1.71875","3.977022464367892E-5","0.5818181818181818","0.9865047233468286","#FFD300","39","3","false","G_group56","Lipid metabolism","Fatty acid biosynthesis (odd-chain)","61.56410256410256","0","39","0","0.9918323863636364","false","0","Fatty acid biosynthesis (odd-chain)","38","20","0.4925128205128205"
"1.9140625","0.0012694387728858845","0.5224489795918368","0.6877470355731226","#DD00FF","23","3","false","G_group95","Nucleotide metabolism","Nucleotide metabolism","50.391304347826086","0","23","0","0.9896129261363636","false","0","Nucleotide metabolism","176","336","0.434407796101949"
"1.703125","6.967217452349871E-4","0.5871559633027523","0.9329268292682927","#FFD300","41","3","false","G_group57","Lipid metabolism","Fatty acid biosynthesis (unsaturated)","59.51219512195122","0","41","0","0.9920099431818182","false","0","Fatty acid biosynthesis (unsaturated)","43","322","0.47609756097560973"
"2.3046875","0.0018985400823472596","0.43389830508474575","0.3333333333333333","#F1085C","3","4","false","G_group108","Metabolism of cofactors and vitamins","Porphyrin metabolism","33.0","0","3","0","0.9851740056818182","false","0","Porphyrin metabolism","41","208","0.3798449612403101"
"2.09375","0.0","0.47761194029850745","1.0","#FFD300","10","4","false","G_group58","Lipid metabolism","Fatty acid desaturation (even-chain)","51.6","0","10","0","0.9875710227272727","false","0","Fatty acid desaturation (even-chain)","21","0","0.47339449541284406"
"2.015625","0.005171219667870145","0.49612403100775193","0.5714285714285714","#B1CC71","15","3","false","G_group96","Glycan biosynthesis and metabolism","O-glycan metabolism","39.86666666666667","0","15","0","0.9884588068181818","false","0","O-glycan metabolism","30","1162","0.35915915915915914"
"2.484375","0.0","0.4025157232704403","1.0","#FFD300","5","4","false","G_group59","Lipid metabolism","Fatty acid desaturation (odd-chain)","46.2","0","5","0","0.9831321022727273","false","0","Fatty acid desaturation (odd-chain)","8","0","0.721875"
"1.5","0.009294662132256392","0.6666666666666666","0.639981908638625","#9A4D42","67","3","false","G_group109","Carbohydrate metabolism","Propanoate metabolism","51.56716417910448","0","67","0","0.9943181818181818","false","0","Propanoate metabolism","52","3224","0.41253731343283584"
"1.6640625","0.0028452567403335067","0.6009389671361502","0.8096618357487922","#FFD300","46","3","false","G_group50","Lipid metabolism","Ether lipid metabolism","55.608695652173914","0","46","0","0.9924538352272727","false","0","Ether lipid metabolism","22","1104","0.4448695652173913"
"1.4765625","0.012854981065768723","0.6772486772486772","0.5839727195225917","#FFD300","69","3","false","G_group97","Lipid metabolism","Omega-3 fatty acid metabolism","50.17391304347826","0","69","0","0.9945845170454546","false","0","Omega-3 fatty acid metabolism","116","3886","0.3982056590752243"
"2.2890625","0.0","0.43686006825938567","1.0","#FFD300","3","4","false","G_group106","Lipid metabolism","Phosphatidylinositol phosphate metabolism","47.666666666666664","0","3","0","0.9853515625","false","0","Phosphatidylinositol phosphate metabolism","27","0","0.5296296296296297"
"1.6796875","0.0046725187525808645","0.5953488372093023","0.8171247357293869","#FFD300","44","3","false","G_group52","Lipid metabolism","Fatty acid activation (cytosolic)","57.09090909090909","0","44","0","0.9922762784090909","false","0","Fatty acid activation (cytosolic)","137","2006","0.4567272727272727"
"1.5078125","0.00758818953517574","0.6632124352331606","0.6559440559440559","#FFD300","66","3","false","G_group98","Lipid metabolism","Omega-6 fatty acid metabolism","52.10606060606061","0","66","0","0.9942294034090909","false","0","Omega-6 fatty acid metabolism","70","2954","0.41684848484848486"
"1.984375","3.153312397765369E-4","0.5039370078740157","0.8021978021978022","#FFD300","14","3","false","G_group53","Lipid metabolism","Fatty acid activation (endoplasmic reticular)","52.714285714285715","0","14","0","0.9888139204545454","false","0","Fatty acid activation (endoplasmic reticular)","114","98","0.4544334975369458"
"1.609375","0.018026164355187065","0.6213592233009708","0.6806966618287373","#FFD300","53","3","false","G_group54","Lipid metabolism","Fatty acid biosynthesis","51.094339622641506","0","53","0","0.9930752840909091","false","0","Fatty acid biosynthesis","100","3320","0.4118989653073646"
"1.65625","0.0021349396265950937","0.6037735849056604","0.7807585568917669","#FFD300","47","3","false","G_group55","Lipid metabolism","Fatty acid biosynthesis (even-chain)","56.87234042553192","0","47","0","0.9925426136363636","false","0","Fatty acid biosynthesis (even-chain)","49","986","0.4549787234042553"
"2.0390625","0.0","0.4904214559386973","1.0","#FFACFD","11","3","false","G_group99","Energy metabolism","Oxidative phosphorylation","63.63636363636363","0","11","0","0.9881924715909091","false","0","Oxidative phosphorylation","29","0","0.5681818181818182"
"1.453125","0.01793964075192325","0.6881720430107527","0.5408450704225352","#FF00B6","71","3","false","G_group45","Amino acid metabolism","Cysteine and methionine metabolism","48.16901408450704","0","71","0","0.9948508522727273","false","0","Cysteine and methionine metabolism","87","4608","0.3792835754685594"
"2.0","0.01684220508417199","0.5","0.6578947368421053","#9A4D42","20","3","false","G_group11","Carbohydrate metabolism","Ascorbate and aldarate metabolism","48.35","0","20","0","0.9886363636363636","false","0","Ascorbate and aldarate metabolism","28","2990","0.4514018691588785"
"1.7421875","0.0035269784656827815","0.5739910313901345","0.6679487179487179","#DD00FF","40","3","false","G_group115","Nucleotide metabolism","Pyrimidine metabolism","51.025","0","40","0","0.9915660511363636","false","0","Pyrimidine metabolism","133","934","0.42169421487603304"
"1.3203125","0.030243796866051904","0.757396449704142","0.4859663191659984","#783FC1","87","2","false","G_group47","Drug metabolism","Drug metabolism","46.45977011494253","0","87","0","0.9963600852272727","false","0","Drug metabolism","532","7280","0.3629669540229885"
"1.4140625","0.017794672183731826","0.7071823204419889","0.5561403508771929","#9A4D42","76","3","false","G_group116","Carbohydrate metabolism","Pyruvate metabolism","49.28947368421053","0","76","0","0.9952947443181818","false","0","Pyruvate metabolism","60","5166","0.3881060920016577"
"1.5078125","0.012796195537689525","0.6632124352331606","0.5532821824381927","#1F9698","69","3","false","G_group48","Eicosanoids","Eicosanoid metabolism","48.927536231884055","0","69","0","0.9942294034090909","false","0","Eicosanoid metabolism","77","3536","0.4010453789498693"
"2.1171875","5.6928264270629456E-5","0.47232472324723246","0.9454545454545454","#005300","11","3","false","G_group113","Protein metabolism","Protein modification","48.63636363636363","0","11","0","0.9873046875","false","0","Protein modification","12","18","0.4768270944741533"
"1.8046875","0.0029580809761295883","0.5541125541125541","0.665079365079365","#FFD300","36","3","false","G_group49","Lipid metabolism","Estrogen metabolism","52.388888888888886","0","36","0","0.9908558238636364","false","0","Estrogen metabolism","106","788","0.44776828110161443"
"1.703125","0.01144034920471249","0.5871559633027523","0.5923344947735192","#DD00FF","42","3","false","G_group114","Nucleotide metabolism","Purine metabolism","48.45238095238095","0","42","0","0.9920099431818182","false","0","Purine metabolism","138","2296","0.39074500768049153"
"1.4296875","0.03533700244810161","0.6994535519125683","0.5350877192982456","#00FFBE","76","3","false","G_group40","Cholesterol biosynthesis and metabolism","Cholesterol metabolism","47.86842105263158","0","76","0","0.9951171875","false","0","Cholesterol metabolism","115","6372","0.38294736842105265"
"1.734375","0.0037851734116991264","0.5765765765765766","0.6815114709851552","#005300","39","3","false","G_group111","Protein metabolism","Protein assembly","51.0","0","39","0","0.9916548295454546","false","0","Protein assembly","89","1172","0.4146341463414634"
"2.296875","2.750512682573013E-4","0.43537414965986393","0.8","#B1CC71","6","4","false","G_group41","Glycan biosynthesis and metabolism","Chondroitin / heparan sulfate biosynthesis","30.333333333333332","0","6","0","0.9852627840909091","false","0","Chondroitin / heparan sulfate biosynthesis","58","82","0.3568627450980392"
"1.71875","0.00715585549916587","0.5818181818181818","0.6463414634146342","#005300","41","3","false","G_group112","Protein metabolism","Protein degradation","50.1219512195122","0","41","0","0.9918323863636364","false","0","Protein degradation","109","1934","0.40749553837001784"
"2.4296875","0.0","0.4115755627009646","1.0","#B1CC71","6","4","false","G_group42","Glycan biosynthesis and metabolism","Chondroitin sulfate degradation","28.166666666666668","0","6","0","0.9837535511363636","false","0","Chondroitin sulfate degradation","45","0","0.4023809523809524"
"1.5390625","0.009799876447218735","0.649746192893401","0.6026625704045059","#FF00B6","63","3","false","G_group90","Amino acid metabolism","Lysine metabolism","49.904761904761905","0","63","0","0.9938742897727273","false","0","Lysine metabolism","85","2790","0.402457757296467"
"2.53125","3.375864221240638E-5","0.3950617283950617","0.0","#F1085C","2","4","false","G_group43","Metabolism of cofactors and vitamins","CoA catabolism","32.0","0","2","0","0.9825994318181818","false","0","CoA catabolism","4","4","0.5254237288135594"
"1.9375","0.0023140727644535486","0.5161290322580645","0.6159420289855072","#FFD300","24","3","false","G_group110","Lipid metabolism","Prostaglandin biosynthesis","48.166666666666664","0","24","0","0.9893465909090909","false","0","Prostaglandin biosynthesis","82","596","0.43005952380952384"
"2.09375","0.00284755025348109","0.47761194029850745","0.8181818181818182","#F1085C","11","3","false","G_group44","Metabolism of cofactors and vitamins","CoA synthesis","52.27272727272727","0","11","0","0.9875710227272727","false","0","CoA synthesis","14","512","0.5017482517482518"
"1.8359375","0.016181390626049886","0.5446808510638298","0.7569892473118279","#009FFF","31","3","false","G_group91","Amino acid derivatives","Metabolism of other amino acids","54.83870967741935","0","31","0","0.9905007102272727","false","0","Metabolism of other amino acids","41","3030","0.4684312103666942"
"1.671875","0.001913053871977946","0.5981308411214953","0.8303030303030303","#FFD300","45","3","false","G_group34","Lipid metabolism","Carnitine shuttle (endoplasmic reticular)","57.644444444444446","0","45","0","0.9923650568181818","false","0","Carnitine shuttle (endoplasmic reticular)","197","622","0.46115555555555554"
"2.9921875","0.0","0.3342036553524804","0.0","#F1085C","1","4","false","G_group89","Metabolism of cofactors and vitamins","Lipoic acid metabolism","20.0","0","1","0","0.9773615056818182","false","0","Lipoic acid metabolism","5","0","0.0"
"1.8046875","6.245887221028575E-4","0.5541125541125541","0.8920377867746289","#FFD300","39","3","false","G_group35","Lipid metabolism","Carnitine shuttle (mitochondrial)","57.30769230769231","0","39","0","0.9908558238636364","false","0","Carnitine shuttle (mitochondrial)","172","222","0.5026990553306343"
"1.828125","3.126254954574572E-4","0.5470085470085471","0.9349206349206349","#009FFF","36","3","false","G_group81","Amino acid derivatives","Hippurate metabolism","58.333333333333336","0","36","0","0.9905894886363636","false","0","Hippurate metabolism","9","112","0.5116959064327485"
"1.9765625","2.921238250090628E-4","0.5059288537549407","0.8804347826086957","#FFD300","24","3","false","G_group36","Lipid metabolism","Carnitine shuttle (peroxisomal)","53.458333333333336","0","24","0","0.9889026988636364","false","0","Carnitine shuttle (peroxisomal)","15","100","0.49961059190031154"
"1.53125","0.0059979077171810145","0.6530612244897959","0.668958223162348","#FF00B6","62","3","false","G_group82","Amino acid metabolism","Histidine metabolism","53.693548387096776","0","62","0","0.9939630681818182","false","0","Histidine metabolism","34","2076","0.4261392729134665"
"1.6484375","0.005762334695100866","0.6066350710900474","0.7384751773049646","#00FFBE","48","3","false","G_group37","Cholesterol biosynthesis and metabolism","Cholesterol biosynthesis 1 (Bloch pathway)","55.145833333333336","0","48","0","0.9926313920454546","false","0","Cholesterol biosynthesis 1 (Bloch pathway)","42","1288","0.44116666666666665"
"2.1328125","7.929464154958706E-4","0.46886446886446886","0.4444444444444444","#9A4D42","9","3","false","G_group83","Carbohydrate metabolism","Inositol phosphate metabolism","42.333333333333336","0","9","0","0.9871271306818182","false","0","Inositol phosphate metabolism","73","112","0.4150326797385621"
"2.1328125","8.560639867738942E-4","0.46886446886446886","0.6190476190476191","#00FFBE","7","4","false","G_group38","Cholesterol biosynthesis and metabolism","Cholesterol biosynthesis 2","47.285714285714285","0","7","0","0.9871271306818182","false","0","Cholesterol biosynthesis 2","11","132","0.45034013605442175"
"2.078125","2.876996188443596E-4","0.48120300751879697","0.8545454545454545","#00FFBE","11","3","false","G_group39","Cholesterol biosynthesis and metabolism","Cholesterol biosynthesis 3 (Kandustch-Russell pathway)","50.0","0","11","0","0.9877485795454546","false","0","Cholesterol biosynthesis 3 (Kandustch-Russell pathway)","24","48","0.4672897196261682"
"0.0","0.0","0.0","0.0","#F1085C","0","0","true","G_group119","Metabolism of cofactors and vitamins","Riboflavin metabolism","0.0","0","0","0","Infinity","false","0","Riboflavin metabolism","15","0","0.0"
"2.4375","1.175108520088835E-4","0.41025641025641024","0.8","#B1CC71","6","4","false","G_group30","Glycan biosynthesis and metabolism","Blood group biosynthesis","19.666666666666668","0","6","0","0.9836647727272727","false","0","Blood group biosynthesis","59","8","0.28502415458937197"
"2.4453125","0.0","0.40894568690095845","1.0","#B1CC71","5","4","false","G_group85","Glycan biosynthesis and metabolism","Keratan sulfate biosynthesis","22.0","0","5","0","0.9835759943181818","false","0","Keratan sulfate biosynthesis","70","0","0.3188405797101449"
"1.6015625","0.0045017411353962394","0.624390243902439","0.7380261248185777","#9A4D42","53","3","false","G_group31","Carbohydrate metabolism","Butanoate metabolism","54.75471698113208","0","53","0","0.9931640625","false","0","Butanoate metabolism","29","1746","0.4345612458820006"
"2.2890625","1.694416632453926E-4","0.43686006825938567","0.8214285714285714","#B1CC71","8","4","false","G_group86","Glycan biosynthesis and metabolism","Keratan sulfate degradation","30.875","0","8","0","0.9853515625","false","0","Keratan sulfate degradation","77","44","0.36755952380952384"
"1.828125","2.2797712107931606E-4","0.5470085470085471","0.9414414414414415","#9A4D42","37","3","false","G_group32","Carbohydrate metabolism","C5-branched dibasic acid metabolism","58.08108108108108","0","37","0","0.9905894886363636","false","0","C5-branched dibasic acid metabolism","14","84","0.5139918679741688"
"1.671875","0.004220692312739403","0.5981308411214953","0.8373737373737373","#FFD300","45","3","false","G_group33","Lipid metabolism","Carnitine shuttle (cytosolic)","57.044444444444444","0","45","0","0.9923650568181818","false","0","Carnitine shuttle (cytosolic)","115","1932","0.45635555555555557"
"1.3671875","0.020172241274345668","0.7314285714285714","0.5213047311196004","#1F9698","83","3","false","G_group87","Eicosanoids","Leukotriene metabolism","47.86746987951807","0","83","0","0.9958274147727273","false","0","Leukotriene metabolism","250","5966","0.3799005545993498"
"1.84375","1.3725760879010315E-5","0.5423728813559322","0.9932773109243698","#FFD300","35","3","false","G_group23","Lipid metabolism","Beta oxidation of unsaturated fatty acids (n-9) (mitochondrial)","59.2","0","35","0","0.9904119318181818","false","0","Beta oxidation of unsaturated fatty acids (n-9) (mitochondrial)","30","8","0.5238938053097345"
"1.921875","0.0023887053449618096","0.5203252032520326","0.6405228758169934","#F1085C","18","3","false","G_group118","Metabolism of cofactors and vitamins","Retinol metabolism","47.44444444444444","0","18","0","0.9895241477272727","false","0","Retinol metabolism","75","418","0.39537037037037037"
"2.03125","0.0","0.49230769230769234","1.0","#FFD300","20","3","false","G_group24","Lipid metabolism","Beta oxidation of unsaturated fatty acids (n-9) (peroxisomal)","54.75","0","20","0","0.98828125","false","0","Beta oxidation of unsaturated fatty acids (n-9) (peroxisomal)","47","0","0.5264423076923077"
"1.9140625","0.0033406714259452963","0.5224489795918368","0.5190476190476191","#FFD300","21","3","false","G_group88","Lipid metabolism","Linoleate metabolism","39.714285714285715","0","21","0","0.9896129261363636","false","0","Linoleate metabolism","50","630","0.3365617433414044"
"2.0390625","9.809337156700137E-4","0.4904214559386973","0.7647058823529411","#009FFF","17","3","false","G_group25","Amino acid derivatives","Beta-alanine metabolism","51.11764705882353","0","17","0","0.9881924715909091","false","0","Beta-alanine metabolism","32","170","0.48224195338512765"
"2.4453125","0.0","0.40894568690095845","0.0","#F1085C","1","4","false","G_group126","Metabolism of cofactors and vitamins","Thiamine metabolism","72.0","0","1","0","0.9835759943181818","false","0","Thiamine metabolism","15","0","0.0"
"1.3203125","0.03858603732340029","0.757396449704142","0.45768025078369906","#FFD300","88","3","false","G_group26","Lipid metabolism","Bile acid biosynthesis","45.19318181818182","0","88","0","0.9963600852272727","false","0","Bile acid biosynthesis","279","7862","0.3558518253400143"
"1.953125","6.635173259460758E-4","0.512","0.7761904761904762","#FFD300","21","3","false","G_group27","Lipid metabolism","Bile acid recycling","54.0","0","21","0","0.9891690340909091","false","0","Bile acid recycling","40","196","0.4778761061946903"
"1.765625","0.001418518325658013","0.5663716814159292","0.7719298245614035","#FFACFD","39","3","false","G_group124","Energy metabolism","Sulfur metabolism","55.58974358974359","0","39","0","0.9912997159090909","false","0","Sulfur metabolism","27","482","0.4671407024348201"
"1.9921875","3.6903608934123693E-4","0.5019607843137255","0.7894736842105263","#F1085C","19","3","false","G_group28","Metabolism of cofactors and vitamins","Biopterin metabolism","51.1578947368421","0","19","0","0.9887251420454546","false","0","Biopterin metabolism","41","106","0.46507177033492825"
"1.7421875","0.0022233028256912098","0.5739910313901345","0.8525641025641025","#720055","40","3","false","G_group125","Metabolism of terpenoids and polyketides","Terpenoid backbone biosynthesis","56.6","0","40","0","0.9915660511363636","false","0","Terpenoid backbone biosynthesis","27","602","0.4677685950413223"
"1.7890625","4.992743591543097E-4","0.5589519650655022","0.8451612903225807","#F1085C","31","3","false","G_group29","Metabolism of cofactors and vitamins","Biotin metabolism","60.67741935483871","0","31","0","0.9910333806818182","false","0","Biotin metabolism","38","182","0.4893340270551509"
"1.890625","0.0037534120283313696","0.5289256198347108","0.5584415584415584","#9A4D42","22","3","false","G_group122","Carbohydrate metabolism","Starch and sucrose metabolism","43.86363636363637","0","22","0","0.9898792613636364","false","0","Starch and sucrose metabolism","55","834","0.36553030303030304"
"1.84375","1.3725760879010315E-5","0.5423728813559322","0.9932773109243698","#FFD300","35","3","false","G_group20","Lipid metabolism","Beta oxidation of poly-unsaturated fatty acids (mitochondrial)","59.2","0","35","0","0.9904119318181818","false","0","Beta oxidation of poly-unsaturated fatty acids (mitochondrial)","34","8","0.5238938053097345"
"1.8828125","0.0031024921180056067","0.5311203319502075","0.5978260869565217","#FFD300","24","3","false","G_group123","Lipid metabolism","Steroid metabolism","47.791666666666664","0","24","0","0.9899680397727273","false","0","Steroid metabolism","114","488","0.4016106442577031"
"1.84375","1.3725760879010315E-5","0.5423728813559322","0.9932773109243698","#FFD300","35","3","false","G_group21","Lipid metabolism","Beta oxidation of unsaturated fatty acids (n-7) (mitochondrial)","59.2","0","35","0","0.9904119318181818","false","0","Beta oxidation of unsaturated fatty acids (n-7) (mitochondrial)","26","8","0.5238938053097345"
"1.59375","0.0033345684920372304","0.6274509803921569","0.7379454926624738","#009FFF","54","3","false","G_group120","Amino acid derivatives","Serotonin and melatonin biosynthesis","55.907407407407405","0","54","0","0.9932528409090909","false","0","Serotonin and melatonin biosynthesis","30","1198","0.4437095825984715"
"1.515625","0.07273896427213035","0.6597938144329897","0.4735576923076923","#FFD300","65","3","false","G_group121","Lipid metabolism","Sphingolipid metabolism","44.41538461538462","0","65","0","0.994140625","false","0","Sphingolipid metabolism","202","14370","0.3553230769230769"
"2.03125","0.0","0.49230769230769234","1.0","#FFD300","20","3","false","G_group22","Lipid metabolism","Beta oxidation of unsaturated fatty acids (n-7) (peroxisomal)","54.75","0","20","0","0.98828125","false","0","Beta oxidation of unsaturated fatty acids (n-7) (peroxisomal)","17","0","0.5264423076923077"
"1.671875","0.011508124809082523","0.5981308411214953","0.7919191919191919","#FFD300","45","3","false","G_group80","Lipid metabolism","Heparan sulfate degradation","55.355555555555554","0","45","0","0.9923650568181818","false","0","Heparan sulfate degradation","41","3502","0.44284444444444443"
"1.3828125","0.027464218640323057","0.7231638418079096","0.5290123456790123","#FF00B6","81","3","false","G_group9","Amino acid metabolism","Arginine and proline metabolism","48.02469135802469","0","81","0","0.9956498579545454","false","0","Arginine and proline metabolism","122","5844","0.38114834411130705"
"1.8359375","0.0025427145175795514","0.5446808510638298","0.7407407407407407","#FFD300","27","3","false","G_group7","Lipid metabolism","Androgen metabolism","56.666666666666664","0","27","0","0.9905007102272727","false","0","Androgen metabolism","46","764","0.468013468013468"
"1.5625","0.007960410246551327","0.64","0.6569872958257713","#FFD300","58","3","false","G_group8","Lipid metabolism","Arachidonic acid metabolism","51.96551724137931","0","58","0","0.9936079545454546","false","0","Arachidonic acid metabolism","160","2558","0.4124247400109469"
"1.9921875","0.015484930714314482","0.5019607843137255","0.6666666666666666","#FFACFD","15","3","false","G_group78","Energy metabolism","Heme degradation","41.6","0","15","0","0.9887251420454546","false","0","Heme degradation","17","1514","0.3649122807017544"
